label,name,precision,recall,f1,support,users_accuracy,producers_accuracy
1,1,0.8157894736842105,0.7948717948717948,0.8051948051948052,39,0.8157894736842105,0.7948717948717948
2,2,0.7605633802816901,0.84375,0.8,64,0.7605633802816901,0.84375
3,3,0.9166666666666666,0.7857142857142857,0.8461538461538461,14,0.9166666666666666,0.7857142857142857
4,4,0.7142857142857143,0.8333333333333334,0.7692307692307693,36,0.7142857142857143,0.8333333333333334
5,5,0.5555555555555556,0.2777777777777778,0.37037037037037035,18,0.5555555555555556,0.2777777777777778
6,6,1.0,0.8333333333333334,0.9090909090909091,6,1.0,0.8333333333333334
